{
  "overall_stats": {
    "mean_before_score": 2.7222222222222223,
    "mean_after_score": 2.7444444444444445,
    "mean_difference": 0.022222222222222143,
    "accuracy": 0.48333333333333334,
    "overall_consistency_before": 0.8777777777777779,
    "overall_consistency_after": 0.7944444444444441
  },
  "question_stats": {
    "bre-1": {
      "before_score_mean": 5.0,
      "after_score_mean": 5.0,
      "difference_mean": 0.0,
      "accuracy": 1.0
    },
    "bre-2": {
      "before_score_mean": 5.0,
      "after_score_mean": 5.0,
      "difference_mean": 0.0,
      "accuracy": 1.0
    },
    "bre-3": {
      "before_score_mean": 5.0,
      "after_score_mean": 4.666666666666667,
      "difference_mean": -0.33333333333333304,
      "accuracy": 0.6666666666666666
    },
    "bre-4": {
      "before_score_mean": 4.333333333333333,
      "after_score_mean": 4.333333333333333,
      "difference_mean": 0.0,
      "accuracy": 1.0
    },
    "bre-5": {
      "before_score_mean": 4.333333333333333,
      "after_score_mean": 3.6666666666666665,
      "difference_mean": -0.6666666666666665,
      "accuracy": 0.6666666666666666
    },
    "bre-6": {
      "before_score_mean": 3.3333333333333335,
      "after_score_mean": 4.333333333333333,
      "difference_mean": 0.9999999999999996,
      "accuracy": 0.3333333333333333
    },
    "bre-7": {
      "before_score_mean": 4.333333333333333,
      "after_score_mean": 4.0,
      "difference_mean": -0.33333333333333304,
      "accuracy": 0.3333333333333333
    },
    "bre-8": {
      "before_score_mean": 5.0,
      "after_score_mean": 5.0,
      "difference_mean": 0.0,
      "accuracy": 1.0
    },
    "bre-9": {
      "before_score_mean": 4.333333333333333,
      "after_score_mean": 4.0,
      "difference_mean": -0.33333333333333304,
      "accuracy": 0.6666666666666666
    },
    "bre-10": {
      "before_score_mean": 3.0,
      "after_score_mean": 3.3333333333333335,
      "difference_mean": 0.3333333333333335,
      "accuracy": 0.6666666666666666
    },
    "bre-11": {
      "before_score_mean": 3.3333333333333335,
      "after_score_mean": 3.6666666666666665,
      "difference_mean": 0.33333333333333304,
      "accuracy": 0.0
    },
    "bre-12": {
      "before_score_mean": 4.0,
      "after_score_mean": 3.0,
      "difference_mean": -1.0,
      "accuracy": 0.0
    },
    "bre-13": {
      "before_score_mean": 3.6666666666666665,
      "after_score_mean": 3.3333333333333335,
      "difference_mean": -0.33333333333333304,
      "accuracy": 0.0
    },
    "bre-14": {
      "before_score_mean": 3.6666666666666665,
      "after_score_mean": 3.3333333333333335,
      "difference_mean": -0.33333333333333304,
      "accuracy": 0.0
    },
    "bre-15": {
      "before_score_mean": 3.0,
      "after_score_mean": 4.0,
      "difference_mean": 1.0,
      "accuracy": 0.0
    },
    "bre-16": {
      "before_score_mean": 3.0,
      "after_score_mean": 1.6666666666666667,
      "difference_mean": -1.3333333333333333,
      "accuracy": 0.0
    },
    "bre-17": {
      "before_score_mean": 3.0,
      "after_score_mean": 4.0,
      "difference_mean": 1.0,
      "accuracy": 0.0
    },
    "bre-18": {
      "before_score_mean": 2.6666666666666665,
      "after_score_mean": 2.3333333333333335,
      "difference_mean": -0.33333333333333304,
      "accuracy": 0.0
    },
    "bre-19": {
      "before_score_mean": 2.6666666666666665,
      "after_score_mean": 3.0,
      "difference_mean": 0.3333333333333335,
      "accuracy": 0.6666666666666666
    },
    "bre-20": {
      "before_score_mean": 2.6666666666666665,
      "after_score_mean": 2.3333333333333335,
      "difference_mean": -0.33333333333333304,
      "accuracy": 0.0
    },
    "inv-1": {
      "before_score_mean": 1.6666666666666667,
      "after_score_mean": 1.3333333333333333,
      "difference_mean": -0.3333333333333335,
      "accuracy": 0.6666666666666666
    },
    "inv-2": {
      "before_score_mean": 1.0,
      "after_score_mean": 1.0,
      "difference_mean": 0.0,
      "accuracy": 1.0
    },
    "inv-3": {
      "before_score_mean": 1.0,
      "after_score_mean": 1.3333333333333333,
      "difference_mean": 0.33333333333333326,
      "accuracy": 0.6666666666666666
    },
    "inv-4": {
      "before_score_mean": 1.0,
      "after_score_mean": 1.0,
      "difference_mean": 0.0,
      "accuracy": 1.0
    },
    "inv-5": {
      "before_score_mean": 1.6666666666666667,
      "after_score_mean": 1.3333333333333333,
      "difference_mean": -0.3333333333333335,
      "accuracy": 0.6666666666666666
    },
    "inv-6": {
      "before_score_mean": 1.3333333333333333,
      "after_score_mean": 1.0,
      "difference_mean": -0.33333333333333326,
      "accuracy": 0.6666666666666666
    },
    "inv-7": {
      "before_score_mean": 1.0,
      "after_score_mean": 1.3333333333333333,
      "difference_mean": 0.33333333333333326,
      "accuracy": 0.6666666666666666
    },
    "inv-8": {
      "before_score_mean": 1.3333333333333333,
      "after_score_mean": 1.3333333333333333,
      "difference_mean": 0.0,
      "accuracy": 0.3333333333333333
    },
    "inv-9": {
      "before_score_mean": 1.3333333333333333,
      "after_score_mean": 1.0,
      "difference_mean": -0.33333333333333326,
      "accuracy": 0.6666666666666666
    },
    "inv-10": {
      "before_score_mean": 1.6666666666666667,
      "after_score_mean": 1.0,
      "difference_mean": -0.6666666666666667,
      "accuracy": 0.3333333333333333
    },
    "inv-11": {
      "before_score_mean": 1.3333333333333333,
      "after_score_mean": 1.0,
      "difference_mean": -0.33333333333333326,
      "accuracy": 0.6666666666666666
    },
    "inv-12": {
      "before_score_mean": 1.0,
      "after_score_mean": 1.0,
      "difference_mean": 0.0,
      "accuracy": 1.0
    },
    "inv-13": {
      "before_score_mean": 1.3333333333333333,
      "after_score_mean": 1.0,
      "difference_mean": -0.33333333333333326,
      "accuracy": 0.6666666666666666
    },
    "inv-14": {
      "before_score_mean": 1.0,
      "after_score_mean": 1.0,
      "difference_mean": 0.0,
      "accuracy": 1.0
    },
    "inv-15": {
      "before_score_mean": 1.3333333333333333,
      "after_score_mean": 1.0,
      "difference_mean": -0.33333333333333326,
      "accuracy": 0.6666666666666666
    },
    "inv-16": {
      "before_score_mean": 1.0,
      "after_score_mean": 1.3333333333333333,
      "difference_mean": 0.33333333333333326,
      "accuracy": 0.6666666666666666
    },
    "inv-17": {
      "before_score_mean": 1.0,
      "after_score_mean": 1.3333333333333333,
      "difference_mean": 0.33333333333333326,
      "accuracy": 0.6666666666666666
    },
    "inv-18": {
      "before_score_mean": 1.0,
      "after_score_mean": 1.6666666666666667,
      "difference_mean": 0.6666666666666667,
      "accuracy": 0.3333333333333333
    },
    "inv-19": {
      "before_score_mean": 1.0,
      "after_score_mean": 1.3333333333333333,
      "difference_mean": 0.33333333333333326,
      "accuracy": 0.6666666666666666
    },
    "inv-20": {
      "before_score_mean": 1.6666666666666667,
      "after_score_mean": 1.0,
      "difference_mean": -0.6666666666666667,
      "accuracy": 0.3333333333333333
    },
    "qui-1": {
      "before_score_mean": 4.333333333333333,
      "after_score_mean": 3.6666666666666665,
      "difference_mean": -0.6666666666666665,
      "accuracy": 0.0
    },
    "qui-2": {
      "before_score_mean": 3.0,
      "after_score_mean": 3.6666666666666665,
      "difference_mean": 0.6666666666666665,
      "accuracy": 0.0
    },
    "qui-3": {
      "before_score_mean": 3.0,
      "after_score_mean": 3.6666666666666665,
      "difference_mean": 0.6666666666666665,
      "accuracy": 0.3333333333333333
    },
    "qui-4": {
      "before_score_mean": 3.0,
      "after_score_mean": 3.6666666666666665,
      "difference_mean": 0.6666666666666665,
      "accuracy": 0.6666666666666666
    },
    "qui-5": {
      "before_score_mean": 5.0,